,IPAddress,City,Country
0,100.14.26.14,Philadelphia,United States
1,170.115.248.25,Philadelphia,United States
2,104.28.76.117,Philadelphia,United States
3,170.115.248.7,Philadelphia,United States
4,73.81.200.11,Wilmington,United States
5,170.115.248.24,Philadelphia,United States
6,170.115.248.14,Philadelphia,United States
7,174.249.85.54,Philadelphia,United States
8,170.115.248.10,Philadelphia,United States
9,174.198.1.40,Stonybrook,United States
10,170.115.248.8,Philadelphia,United States
11,170.115.248.9,Philadelphia,United States
12,71.224.228.126,Philadelphia,United States
13,174.173.150.12,Philadelphia,United States
14,104.28.76.127,Philadelphia,United States
15,107.77.204.228,Arlington,United States
16,100.14.6.75,Philadelphia,United States
17,100.14.7.144,Philadelphia,United States
18,170.235.245.68,Philadelphia,United States
19,173.59.47.66,Ambler,United States
20,108.2.116.167,Chalfont,United States
21,170.115.248.20,Philadelphia,United States
22,71.225.10.115,Philadelphia,United States
23,174.198.7.125,Philadelphia,United States
24,100.11.55.232,Philadelphia,United States
25,74.103.139.185,Bristol,United States
26,104.28.55.94,Avon,United States
27,166.137.175.5,New York,United States
28,68.80.197.115,Philadelphia,United States
29,107.119.41.48,Philadelphia,United States
30,166.137.175.39,Philadelphia,United States
31,172.225.112.157,Philadelphia,United States
32,166.196.89.29,Kings Mountain,United States
33,173.49.167.39,Darby,United States
34,174.173.123.48,Langhorne,United States
35,172.225.113.162,Philadelphia,United States
36,100.11.142.95,Havertown,United States
37,69.249.61.131,Philadelphia,United States
38,172.56.28.231,Philadelphia,United States
39,104.28.123.146,Spokane,United States
40,96.83.199.164,Philadelphia,United States
41,107.119.41.110,Philadelphia,United States
42,76.124.136.44,West Chester,United States
43,74.109.112.169,Philadelphia,United States
44,172.56.28.189,Philadelphia,United States
45,174.198.13.45,Philadelphia,United States
46,104.28.76.125,Philadelphia,United States
47,68.162.126.39,Philadelphia,United States
48,174.198.12.17,Philadelphia,United States
49,98.114.146.126,Philadelphia,United States
50,69.142.149.222,Ocean City,United States
51,104.28.76.98,Chicago,United States
52,104.28.104.49,Green Bay,United States
53,107.122.93.38,Rochester,United States
54,149.101.1.117,Washington,United States
55,108.4.224.198,Philadelphia,United States
56,98.114.233.198,Philadelphia,United States
57,98.225.202.15,Norristown,United States
58,107.115.203.56,Anaheim,United States
59,72.94.78.37,Philadelphia,United States
60,174.198.8.172,Ashburn,United States
61,69.139.82.28,Philadelphia,United States
62,108.36.159.222,Huntingdon Valley,United States
63,75.150.181.120,Merion,United States
64,73.13.55.191,Philadelphia,United States
65,107.115.48.1,Port Matilda,United States
66,71.224.131.3,Philadelphia,United States
67,71.225.82.133,Philadelphia,United States
68,68.163.63.183,Philadelphia,United States
69,173.49.49.142,Philadelphia,United States
70,172.56.223.24,Philadelphia,United States
71,71.225.245.209,Bensalem,United States
72,96.227.122.101,Levittown,United States
73,68.81.152.133,Philadelphia,United States
74,172.56.217.189,Philadelphia,United States
75,173.49.106.241,Newtown,United States
76,172.56.221.242,Philadelphia,United States
77,107.77.202.212,Philadelphia,United States
78,209.76.51.114,St Louis,United States
79,107.119.41.7,Philadelphia,United States
80,174.247.81.106,Philadelphia,United States
81,108.52.111.210,Langhorne,United States
82,174.199.160.222,Wetumpka,United States
83,172.225.112.156,Philadelphia,United States
84,172.56.217.193,Philadelphia,United States
85,174.198.9.104,Dulles,United States
86,136.226.19.51,Reston,United States
87,73.30.42.175,Collegeville,United States
88,73.188.226.197,Philadelphia,United States
89,104.28.76.124,Philadelphia,United States
90,69.253.62.248,Bensalem,United States
91,73.165.121.38,Philadelphia,United States
92,166.194.131.139,Chicago,United States
93,100.11.42.110,Philadelphia,United States
94,174.198.3.108,Dulles,United States
95,172.56.219.105,Philadelphia,United States
96,174.206.38.42,Bedford,United States
97,68.83.250.162,Philadelphia,United States
98,172.56.220.125,Philadelphia,United States
99,71.185.238.244,Philadelphia,United States
100,174.249.83.116,Lansdale,United States
101,107.115.48.32,Pelham,United States
102,136.226.19.81,Reston,United States
103,172.56.217.168,Philadelphia,United States
104,104.28.57.106,Allentown,United States
105,172.56.222.133,Philadelphia,United States
106,166.137.175.65,New York,United States
107,104.28.55.97,Philadelphia,United States
108,166.199.148.58,New York,United States
109,100.19.78.26,Philadelphia,United States
110,166.196.110.19,Minneapolis,United States
111,166.137.175.17,New York,United States
112,100.34.83.210,Warminster,United States
113,73.30.111.200,Southampton,United States
114,174.198.2.145,Edina,United States
115,71.230.193.141,Philadelphia,United States
116,166.137.175.63,New York,United States
117,75.146.209.150,Scranton,United States
118,174.249.82.143,Lansdale,United States
119,73.165.177.116,Phoenixville,United States
120,172.56.222.37,Philadelphia,United States
121,172.56.219.188,Philadelphia,United States
122,166.137.175.54,New York,United States
123,50.78.128.230,Philadelphia,United States
124,107.115.203.106,Anaheim,United States
125,107.115.94.1,White Plains,United States
126,76.98.202.138,Philadelphia,United States
127,74.103.161.192,Philadelphia,United States
128,172.56.218.127,Philadelphia,United States
129,174.219.62.248,Philadelphia,United States
130,136.226.18.176,Reston,United States
131,73.188.83.157,Philadelphia,United States
132,74.103.186.44,Philadelphia,United States
133,107.115.94.7,Ballenger Creek,United States
134,104.28.104.209,Louisville,United States
135,108.52.43.100,Philadelphia,United States
136,107.115.48.58,White Plains,United States
137,107.115.94.47,White Plains,United States
138,136.226.18.216,Reston,United States
139,108.2.172.88,Philadelphia,United States
140,108.36.252.234,Warminster,United States
141,172.56.28.110,Philadelphia,United States
142,172.56.222.160,Philadelphia,United States
143,173.75.209.69,Philadelphia,United States
144,107.115.94.42,White Plains,United States
145,104.28.76.135,Reading,United States
146,96.227.245.80,Philadelphia,United States
147,174.198.2.66,Dulles,United States
148,71.230.227.22,Philadelphia,United States
149,100.34.104.6,Newtown,United States
150,174.249.85.62,Philadelphia,United States
151,174.198.3.114,Dulles,United States
152,172.56.222.29,Philadelphia,United States
153,174.173.39.138,Wallingford,United States
154,107.115.94.32,White Plains,United States
155,69.253.40.32,Wynnewood,United States
156,68.80.4.13,Souderton,United States
157,69.242.105.61,Jenkintown,United States
158,76.98.228.222,Philadelphia,United States
159,98.114.223.81,Philadelphia,United States
160,107.115.94.20,Fort Lee,United States
161,136.226.18.84,Reston,United States
162,100.11.172.103,Philadelphia,United States
163,172.56.216.104,Philadelphia,United States
164,76.98.144.161,Philadelphia,United States
165,166.137.175.48,New York,United States
166,174.240.214.161,Warrington,United States
167,73.81.2.159,New Hope,United States
168,69.139.75.16,Philadelphia,United States
169,76.99.238.200,Philadelphia,United States
170,108.16.235.91,Coatesville,United States
171,107.122.93.124,Indianapolis,United States
172,174.198.5.1,Philadelphia,United States
173,174.249.82.160,Lansdale,United States
174,35.33.192.24,Ann Arbor,United States
175,96.245.86.103,Philadelphia,United States
176,98.114.235.10,Philadelphia,United States
177,108.52.5.165,Philadelphia,United States
178,174.173.79.151,Philadelphia,United States
179,96.227.245.254,Philadelphia,United States
180,108.52.92.48,Media,United States
181,71.126.107.220,Lansdale,United States
182,107.115.48.55,White Plains,United States
183,107.77.220.77,Houston,United States
184,172.225.132.230,Queens,United States
185,98.114.209.208,Philadelphia,United States
186,107.77.204.166,Arlington,United States
187,108.16.204.216,Philadelphia,United States
188,172.56.218.48,Philadelphia,United States
189,98.115.254.69,Philadelphia,United States
190,172.56.28.76,Philadelphia,United States
191,71.185.183.253,Philadelphia,United States
192,98.115.209.26,Philadelphia,United States
193,174.240.210.162,Philadelphia,United States
194,104.28.76.119,Philadelphia,United States
195,107.115.48.43,White Plains,United States
196,100.34.232.71,Philadelphia,United States
197,173.49.19.108,Philadelphia,United States
198,98.114.87.171,Lansdowne,United States
199,98.114.231.86,Philadelphia,United States
200,107.115.203.135,Anaheim,United States
201,136.226.19.49,Reston,United States
202,104.28.57.250,New York,United States
203,71.225.197.113,Philadelphia,United States
204,172.56.217.119,Philadelphia,United States
205,172.226.31.90,Philadelphia,United States
206,71.58.8.177,Philadelphia,United States
207,96.245.161.80,Philadelphia,United States
208,104.28.79.144,New York,United States
209,24.152.232.194,Douglassville,United States
210,98.114.232.28,Philadelphia,United States
211,98.115.202.12,Philadelphia,United States
212,107.119.45.54,Philadelphia,United States
213,174.219.58.8,Allentown,United States
214,100.11.221.72,Philadelphia,United States
215,68.163.63.53,Philadelphia,United States
216,98.114.12.33,Philadelphia,United States
217,136.226.19.56,Reston,United States
218,71.225.9.155,Philadelphia,United States
219,108.16.234.114,Philadelphia,United States
220,172.56.29.35,Philadelphia,United States
221,174.219.59.1,Allentown,United States
222,107.115.94.43,White Plains,United States
